neuron_name,Basal_Density,bas_turnover,Apical_Density,ap_turnover,Axon_Density,ap_postsyn_num,bas_postsyn_num,presynaptic_num,sum_postsyn_num,Soma_depth,AD,number_of_bifurcations_NeuriteType_apical_dendrite_value,number_of_bifurcations_NeuriteType_basal_dendrite_value,number_of_bifurcations_NeuriteType_axon_value,number_of_bifurcations_NeuriteType_all_value,number_of_forking_points_NeuriteType_apical_dendrite_value,number_of_forking_points_NeuriteType_basal_dendrite_value,number_of_forking_points_NeuriteType_axon_value,number_of_forking_points_NeuriteType_all_value,number_of_neurites_NeuriteType_apical_dendrite_value,number_of_neurites_NeuriteType_basal_dendrite_value,number_of_neurites_NeuriteType_axon_value,number_of_neurites_NeuriteType_all_value,number_of_sections_NeuriteType_apical_dendrite_value,number_of_sections_NeuriteType_basal_dendrite_value,number_of_sections_NeuriteType_axon_value,number_of_sections_NeuriteType_all_value,number_of_terminations_NeuriteType_apical_dendrite_value,number_of_terminations_NeuriteType_basal_dendrite_value,number_of_terminations_NeuriteType_axon_value,number_of_terminations_NeuriteType_all_value,total_length_NeuriteType_apical_dendrite_value,total_length_NeuriteType_basal_dendrite_value,total_length_NeuriteType_axon_value,total_length_NeuriteType_all_value,neurite_lengths_NeuriteType_apical_dendrite_length,neurite_lengths_NeuriteType_apical_dendrite_mean,neurite_lengths_NeuriteType_apical_dendrite_sum,neurite_lengths_NeuriteType_apical_dendrite_std,neurite_lengths_NeuriteType_apical_dendrite_min,neurite_lengths_NeuriteType_apical_dendrite_max,neurite_lengths_NeuriteType_basal_dendrite_length,neurite_lengths_NeuriteType_basal_dendrite_mean,neurite_lengths_NeuriteType_basal_dendrite_sum,neurite_lengths_NeuriteType_basal_dendrite_std,neurite_lengths_NeuriteType_basal_dendrite_min,neurite_lengths_NeuriteType_basal_dendrite_max,neurite_lengths_NeuriteType_axon_length,neurite_lengths_NeuriteType_axon_mean,neurite_lengths_NeuriteType_axon_sum,neurite_lengths_NeuriteType_axon_std,neurite_lengths_NeuriteType_axon_min,neurite_lengths_NeuriteType_axon_max,neurite_lengths_NeuriteType_all_length,neurite_lengths_NeuriteType_all_mean,neurite_lengths_NeuriteType_all_sum,neurite_lengths_NeuriteType_all_std,neurite_lengths_NeuriteType_all_min,neurite_lengths_NeuriteType_all_max,number_of_sections_per_neurite_NeuriteType_apical_dendrite_length,number_of_sections_per_neurite_NeuriteType_apical_dendrite_mean,number_of_sections_per_neurite_NeuriteType_apical_dendrite_sum,number_of_sections_per_neurite_NeuriteType_apical_dendrite_std,number_of_sections_per_neurite_NeuriteType_apical_dendrite_min,number_of_sections_per_neurite_NeuriteType_apical_dendrite_max,number_of_sections_per_neurite_NeuriteType_basal_dendrite_length,number_of_sections_per_neurite_NeuriteType_basal_dendrite_mean,number_of_sections_per_neurite_NeuriteType_basal_dendrite_sum,number_of_sections_per_neurite_NeuriteType_basal_dendrite_std,number_of_sections_per_neurite_NeuriteType_basal_dendrite_min,number_of_sections_per_neurite_NeuriteType_basal_dendrite_max,number_of_sections_per_neurite_NeuriteType_axon_length,number_of_sections_per_neurite_NeuriteType_axon_mean,number_of_sections_per_neurite_NeuriteType_axon_sum,number_of_sections_per_neurite_NeuriteType_axon_std,number_of_sections_per_neurite_NeuriteType_axon_min,number_of_sections_per_neurite_NeuriteType_axon_max,number_of_sections_per_neurite_NeuriteType_all_length,number_of_sections_per_neurite_NeuriteType_all_mean,number_of_sections_per_neurite_NeuriteType_all_sum,number_of_sections_per_neurite_NeuriteType_all_std,number_of_sections_per_neurite_NeuriteType_all_min,number_of_sections_per_neurite_NeuriteType_all_max,principal_direction_extents_NeuriteType_apical_dendrite_length,principal_direction_extents_NeuriteType_apical_dendrite_mean,principal_direction_extents_NeuriteType_apical_dendrite_sum,principal_direction_extents_NeuriteType_apical_dendrite_std,principal_direction_extents_NeuriteType_apical_dendrite_min,principal_direction_extents_NeuriteType_apical_dendrite_max,principal_direction_extents_NeuriteType_basal_dendrite_length,principal_direction_extents_NeuriteType_basal_dendrite_mean,principal_direction_extents_NeuriteType_basal_dendrite_sum,principal_direction_extents_NeuriteType_basal_dendrite_std,principal_direction_extents_NeuriteType_basal_dendrite_min,principal_direction_extents_NeuriteType_basal_dendrite_max,principal_direction_extents_NeuriteType_axon_length,principal_direction_extents_NeuriteType_axon_mean,principal_direction_extents_NeuriteType_axon_sum,principal_direction_extents_NeuriteType_axon_std,principal_direction_extents_NeuriteType_axon_min,principal_direction_extents_NeuriteType_axon_max,principal_direction_extents_NeuriteType_all_length,principal_direction_extents_NeuriteType_all_mean,principal_direction_extents_NeuriteType_all_sum,principal_direction_extents_NeuriteType_all_std,principal_direction_extents_NeuriteType_all_min,principal_direction_extents_NeuriteType_all_max,remote_bifurcation_angles_NeuriteType_apical_dendrite_length,remote_bifurcation_angles_NeuriteType_apical_dendrite_mean,remote_bifurcation_angles_NeuriteType_apical_dendrite_sum,remote_bifurcation_angles_NeuriteType_apical_dendrite_std,remote_bifurcation_angles_NeuriteType_apical_dendrite_min,remote_bifurcation_angles_NeuriteType_apical_dendrite_max,remote_bifurcation_angles_NeuriteType_basal_dendrite_length,remote_bifurcation_angles_NeuriteType_basal_dendrite_mean,remote_bifurcation_angles_NeuriteType_basal_dendrite_sum,remote_bifurcation_angles_NeuriteType_basal_dendrite_std,remote_bifurcation_angles_NeuriteType_basal_dendrite_min,remote_bifurcation_angles_NeuriteType_basal_dendrite_max,remote_bifurcation_angles_NeuriteType_axon_length,remote_bifurcation_angles_NeuriteType_axon_mean,remote_bifurcation_angles_NeuriteType_axon_sum,remote_bifurcation_angles_NeuriteType_axon_std,remote_bifurcation_angles_NeuriteType_axon_min,remote_bifurcation_angles_NeuriteType_axon_max,remote_bifurcation_angles_NeuriteType_all_length,remote_bifurcation_angles_NeuriteType_all_mean,remote_bifurcation_angles_NeuriteType_all_sum,remote_bifurcation_angles_NeuriteType_all_std,remote_bifurcation_angles_NeuriteType_all_min,remote_bifurcation_angles_NeuriteType_all_max,section_branch_orders_NeuriteType_apical_dendrite_length,section_branch_orders_NeuriteType_apical_dendrite_mean,section_branch_orders_NeuriteType_apical_dendrite_sum,section_branch_orders_NeuriteType_apical_dendrite_std,section_branch_orders_NeuriteType_apical_dendrite_min,section_branch_orders_NeuriteType_apical_dendrite_max,section_branch_orders_NeuriteType_basal_dendrite_length,section_branch_orders_NeuriteType_basal_dendrite_mean,section_branch_orders_NeuriteType_basal_dendrite_sum,section_branch_orders_NeuriteType_basal_dendrite_std,section_branch_orders_NeuriteType_basal_dendrite_min,section_branch_orders_NeuriteType_basal_dendrite_max,section_branch_orders_NeuriteType_axon_length,section_branch_orders_NeuriteType_axon_mean,section_branch_orders_NeuriteType_axon_sum,section_branch_orders_NeuriteType_axon_std,section_branch_orders_NeuriteType_axon_min,section_branch_orders_NeuriteType_axon_max,section_branch_orders_NeuriteType_all_length,section_branch_orders_NeuriteType_all_mean,section_branch_orders_NeuriteType_all_sum,section_branch_orders_NeuriteType_all_std,section_branch_orders_NeuriteType_all_min,section_branch_orders_NeuriteType_all_max,section_lengths_NeuriteType_apical_dendrite_length,section_lengths_NeuriteType_apical_dendrite_mean,section_lengths_NeuriteType_apical_dendrite_sum,section_lengths_NeuriteType_apical_dendrite_std,section_lengths_NeuriteType_apical_dendrite_min,section_lengths_NeuriteType_apical_dendrite_max,section_lengths_NeuriteType_basal_dendrite_length,section_lengths_NeuriteType_basal_dendrite_mean,section_lengths_NeuriteType_basal_dendrite_sum,section_lengths_NeuriteType_basal_dendrite_std,section_lengths_NeuriteType_basal_dendrite_min,section_lengths_NeuriteType_basal_dendrite_max,section_lengths_NeuriteType_axon_length,section_lengths_NeuriteType_axon_mean,section_lengths_NeuriteType_axon_sum,section_lengths_NeuriteType_axon_std,section_lengths_NeuriteType_axon_min,section_lengths_NeuriteType_axon_max,section_lengths_NeuriteType_all_length,section_lengths_NeuriteType_all_mean,section_lengths_NeuriteType_all_sum,section_lengths_NeuriteType_all_std,section_lengths_NeuriteType_all_min,section_lengths_NeuriteType_all_max,section_path_distances_NeuriteType_apical_dendrite_length,section_path_distances_NeuriteType_apical_dendrite_mean,section_path_distances_NeuriteType_apical_dendrite_sum,section_path_distances_NeuriteType_apical_dendrite_std,section_path_distances_NeuriteType_apical_dendrite_min,section_path_distances_NeuriteType_apical_dendrite_max,section_path_distances_NeuriteType_basal_dendrite_length,section_path_distances_NeuriteType_basal_dendrite_mean,section_path_distances_NeuriteType_basal_dendrite_sum,section_path_distances_NeuriteType_basal_dendrite_std,section_path_distances_NeuriteType_basal_dendrite_min,section_path_distances_NeuriteType_basal_dendrite_max,section_path_distances_NeuriteType_axon_length,section_path_distances_NeuriteType_axon_mean,section_path_distances_NeuriteType_axon_sum,section_path_distances_NeuriteType_axon_std,section_path_distances_NeuriteType_axon_min,section_path_distances_NeuriteType_axon_max,section_path_distances_NeuriteType_all_length,section_path_distances_NeuriteType_all_mean,section_path_distances_NeuriteType_all_sum,section_path_distances_NeuriteType_all_std,section_path_distances_NeuriteType_all_min,section_path_distances_NeuriteType_all_max,section_radial_distances_NeuriteType_apical_dendrite_length,section_radial_distances_NeuriteType_apical_dendrite_mean,section_radial_distances_NeuriteType_apical_dendrite_sum,section_radial_distances_NeuriteType_apical_dendrite_std,section_radial_distances_NeuriteType_apical_dendrite_min,section_radial_distances_NeuriteType_apical_dendrite_max,section_radial_distances_NeuriteType_basal_dendrite_length,section_radial_distances_NeuriteType_basal_dendrite_mean,section_radial_distances_NeuriteType_basal_dendrite_sum,section_radial_distances_NeuriteType_basal_dendrite_std,section_radial_distances_NeuriteType_basal_dendrite_min,section_radial_distances_NeuriteType_basal_dendrite_max,section_radial_distances_NeuriteType_axon_length,section_radial_distances_NeuriteType_axon_mean,section_radial_distances_NeuriteType_axon_sum,section_radial_distances_NeuriteType_axon_std,section_radial_distances_NeuriteType_axon_min,section_radial_distances_NeuriteType_axon_max,section_radial_distances_NeuriteType_all_length,section_radial_distances_NeuriteType_all_mean,section_radial_distances_NeuriteType_all_sum,section_radial_distances_NeuriteType_all_std,section_radial_distances_NeuriteType_all_min,section_radial_distances_NeuriteType_all_max
140903a ,0.97,11.1,1.2,8.6,0.24,4577.146872,3685.566307,1936.457891,8262.713179,280,1,22,21,20,63,22,21,20,63,1,4,1,6,45,46,41,132,23,25,21,69,3814.28906,3799.552894,8068.574547,15682.4165,1,3814.28906,3814.28906,0,3814.28906,3814.28906,4,949.8882234,3799.552894,411.8018487,506.4563558,1426.656559,1,8068.574547,8068.574547,0,8068.574547,8068.574547,6,2613.736083,15682.4165,2675.458589,506.4563558,8068.574547,1,45,45,0,45,45,4,11.5,46,6.224949799,5,21,1,41,41,0,41,41,6,22,132,15.73742885,5,45,1,629.4062254,629.4062254,0,629.4062254,629.4062254,4,345.1775423,1380.710169,88.69681767,254.7537709,437.5596115,1,961.269255,961.269255,0,961.269255,961.269255,6,495.2309416,2971.38565,243.8330402,254.7537709,961.269255,22,1.161354039,25.54978885,0.436264253,0.373689225,2.537282553,21,0.998955562,20.97806681,0.3414915,0.516947959,1.614247222,20,1.593499811,31.86999623,0.719188807,0.267248265,2.829279668,63,1.244410347,78.39785189,0.575077924,0.267248265,2.829279668,45,5.822222222,262,2.95363346,0,10,46,2.260869565,104,1.22358672,0,5,41,4.634146341,190,2.282019832,0,9,132,4.212121212,556,2.716476949,0,10,45,84.76197911,3814.28906,67.43205617,1.405729317,305.0118892,46,82.59897595,3799.552894,56.81264089,1.199865025,188.9271943,41,196.7945012,8068.574547,209.8416294,0.702864659,763.1911738,132,118.8061856,15682.4165,138.1779313,0.702864659,763.1911738,45,253.0853107,11388.83898,132.8471341,40.24559744,520.2272811,46,142.9116616,6573.936433,79.2020355,7.369741893,262.3866593,41,618.9657593,25377.59613,343.2698076,51.94597562,1518.652495,132,328.3361481,43340.37155,291.4621649,7.369741893,1518.652495,45,176.5424064,7944.408286,80.13399569,40.01234856,313.2405835,46,97.0355955,4463.637393,54.51337689,5.573829134,182.880148,41,201.4067498,8257.676743,86.93616457,48.09253931,357.8239094,132,156.5585032,20665.72242,86.99320134,5.573829134,357.8239094
140904c,1.16,7.715,1,19.025,0.23,3234.44961,5363.209605,3928.680352,8597.659215,192,1,20,24,47,91,20,25,50,95,1,9,1,11,41,60,104,205,21,35,54,110,3234.44961,4623.456556,17081.21892,24939.12508,1,3234.44961,3234.44961,0,3234.44961,3234.44961,9,513.7173951,4623.456556,194.7633049,258.394492,847.5619575,1,17081.21892,17081.21892,0,17081.21892,17081.21892,11,2267.193189,24939.12508,4752.075472,258.394492,17081.21892,1,41,41,0,41,41,9,6.666666667,60,3.197221016,3,11,1,104,104,0,104,104,11,18.63636364,205,28.87047163,3,104,1,667.1100159,667.1100159,0,667.1100159,667.1100159,9,220.7927027,1987.134324,56.94521244,145.9857641,303.3908325,1,1075.842573,1075.842573,0,1075.842573,1075.842573,11,339.0988103,3730.086913,270.6111859,145.9857641,1075.842573,20,0.914303171,18.28606341,0.56033084,0.244555545,2.847565218,24,0.980811874,23.53948499,0.286620457,0.43938468,1.700914764,47,1.321477779,62.10945563,0.604708547,0.331610197,2.585407387,91,1.142142902,103.935004,0.560730474,0.244555545,2.847565218,41,4.43902439,182,1.781322891,0,7,60,1.616666667,97,1.066015426,0,4,104,5.182692308,539,1.984383372,0,9,205,3.990243902,818,2.318515597,0,9,41,78.88901487,3234.44961,57.45866815,3.081236472,260.1633303,60,77.05760927,4623.456556,47.60191764,0.702864279,195.3792979,104,164.2424896,17081.21892,147.1475607,1.696864476,653.2371638,205,121.6542687,24939.12508,119.0637055,0.702864279,653.2371638,41,221.9651227,9100.570032,93.12750612,31.19245342,434.1729237,60,125.9249761,7555.498566,63.19627686,21.3915401,237.1423213,104,452.7471803,47085.70675,229.4329482,104.9054989,1170.606049,205,310.9354895,63741.77535,226.7424653,21.3915401,1170.606049,41,158.0842521,6481.454334,58.71908692,30.53049595,313.2915544,60,88.04880009,5282.928005,42.6902706,16.27987893,158.8846259,104,176.8122949,18388.47867,75.06951326,53.49298583,351.918447,205,147.0871269,30152.86101,74.66283211,16.27987893,351.918447
140908a,1.2,10.75,1.3,13.9,0.3,5636.498335,4927.731588,4824.578946,10564.22992,200,1,23,25,39,87,24,25,42,91,2,6,1,9,51,56,88,195,27,31,46,104,4335.76795,4106.44299,16081.92982,24524.14076,2,2167.883975,4335.76795,1977.851798,190.0321773,4145.735773,6,684.4071649,4106.44299,491.1596783,168.0899443,1450.274387,1,16081.92982,16081.92982,0,16081.92982,16081.92982,9,2724.904529,24524.14076,4868.078196,168.0899443,16081.92982,2,25.5,51,24.5,1,50,6,9.333333333,56,7.695597587,1,21,1,88,88,0,88,88,9,21.66666667,195,27.68473306,1,88,2,384.0615324,768.1230649,243.2994128,140.7621196,627.3609453,6,258.1777394,1549.066437,128.0866161,165.0829316,528.4420776,1,897.5321443,897.5321443,0,897.5321443,897.5321443,9,357.191294,3214.721646,251.4536966,140.7621196,897.5321443,23,0.963293817,22.1557578,0.476990442,0.291737797,2.219976085,25,1.059622448,26.49056119,0.404948085,0.443329148,1.933008817,39,1.439711772,56.14875912,0.667834069,0,2.788686202,87,1.204541128,104.7950781,0.594487785,0,2.788686202,51,4.176470588,213,1.977380743,0,8,56,2.428571429,136,1.373956004,0,5,88,5.829545455,513,3.17025089,0,14,195,4.420512821,862,2.855061137,0,14,51,85.01505785,4335.76795,55.18326911,2.399731202,221.9630968,56,73.3293391,4106.44299,78.84781693,0.99400121,550.490234,88,182.7492025,16081.92982,174.0191187,0,760.8677785,195,125.7648244,24524.14076,137.6122957,0,760.8677785,51,206.8584874,10549.78286,97.84007495,29.08093631,399.4022081,56,115.066883,6443.745446,93.27706776,6.205192395,656.6847562,88,490.5083847,43164.73785,314.1723366,89.86682663,1586.148035,195,308.503929,60158.26616,279.1818978,6.205192395,1586.148035,51,150.2653725,7663.533996,67.68290506,28.15834416,282.9163731,56,84.389422,4725.807632,55.18078685,5.795973237,322.782262,88,168.4831407,14826.51638,80.32700627,36.79407561,366.7234191,195,139.5685026,27215.85801,79.15814596,5.795973237,366.7234191
140908b,1.25,13.25,0.875,16.5,0.3,3842.577128,4602.048082,3711.770358,8444.625211,236,1,29,19,34,82,29,19,34,82,1,5,1,7,59,43,69,171,30,24,35,89,4391.516718,3681.638466,12372.56786,20445.72304,1,4391.516718,4391.516718,0,4391.516718,4391.516718,5,736.3276932,3681.638466,117.3370807,556.5964887,853.9443982,1,12372.56786,12372.56786,0,12372.56786,12372.56786,7,2920.817578,20445.72304,4060.741656,556.5964887,12372.56786,1,59,59,0,59,59,5,8.6,43,0.8,7,9,1,69,69,0,69,69,7,24.42857143,171,25.1785461,7,69,1,670.7651811,670.7651811,0,670.7651811,670.7651811,5,304.0865827,1520.432913,63.20748571,236.5914302,400.3109509,1,861.9228948,861.9228948,0,861.9228948,861.9228948,7,436.1601413,3053.120989,221.5228149,236.5914302,861.9228948,29,1.169156595,33.90554125,0.33069101,0.484689702,1.862542831,19,0.997920645,18.96049225,0.33106449,0.307182885,1.599591157,34,1.283839564,43.65054519,0.504602758,0.218002506,2.482500032,82,1.177031447,96.51657869,0.426417671,0.218002506,2.482500032,59,5.186440678,306,2.325062975,0,10,43,1.860465116,80,1.047286535,0,4,69,5.188405797,358,1.882608138,0,8,171,4.350877193,744,2.377953526,0,10,59,74.43248674,4391.516718,53.88385679,4.764147106,196.2988333,43,85.61949921,3681.638466,63.50191367,2.108592838,202.1455715,69,179.3125777,12372.56786,165.5826456,1.902728657,661.1833486,171,119.5656318,20445.72304,124.5473674,1.902728657,661.1833486,59,202.7653819,11963.15753,108.6839477,20.12279859,444.8165345,43,124.7294205,5363.365083,78.67328008,10.23114819,296.3746042,69,419.8971684,28972.90462,251.0831211,32.89568787,969.0358152,171,270.7568844,46299.42723,216.8009284,10.23114819,969.0358152,59,140.26657,8275.727627,71.90656274,20.06165723,314.9148602,43,88.42631877,3802.331707,54.4221349,7.66371802,212.0231513,69,168.4087354,11620.20274,92.37131742,27.80436808,328.7731202,171,138.5863279,23698.26208,83.45188555,7.66371802,328.7731202
141112a,1.3,7.67,1.45,8.05,0.325,4354.071709,7621.086587,4095.392681,11975.1583,114,0,20,38,38,96,21,38,40,99,1,8,1,10,44,84,83,211,23,46,43,112,3002.808075,5862.374298,12601.20825,21466.39062,1,3002.808075,3002.808075,0,3002.808075,3002.808075,8,732.7967873,5862.374298,383.9732798,360.6800891,1487.472868,1,12601.20825,12601.20825,0,12601.20825,12601.20825,10,2146.639062,21466.39062,3566.540704,360.6800891,12601.20825,1,44,44,0,44,44,8,10.5,84,5.722761571,5,23,1,83,83,0,83,83,10,21.1,211,23.48808208,5,83,1,464.1411631,464.1411631,0,464.1411631,464.1411631,8,269.5277794,2156.222235,119.5617529,173.8135406,554.3219313,1,944.5201514,944.5201514,0,944.5201514,944.5201514,10,356.4883549,3564.883549,230.7006191,173.8135406,944.5201514,20,0.972465979,19.44931957,0.37009719,0.545049335,1.911128452,38,0.845158776,32.11603349,0.412412281,0.217037541,1.752334728,38,1.330285694,50.55085637,0.58680302,0.105793965,2.869796914,96,1.063710515,102.1162094,0.530029546,0.105793965,2.869796914,44,6.181818182,272,3.644876399,0,12,84,2.30952381,194,1.318153384,0,5,83,8.542168675,709,3.409063769,0,15,211,5.568720379,1175,3.977277615,0,15,44,68.24563806,3002.808075,55.03997723,4.387731516,237.5242214,84,69.79017022,5862.374298,59.50311772,2.193865758,265.0581728,83,151.8217861,12601.20825,170.2906815,0,606.4577792,211,101.7364484,21466.39062,122.7818168,0,606.4577792,44,161.8837422,7122.884656,94.65140941,17.20983894,375.4592552,84,108.0600234,9077.041964,75.64387921,7.15647385,334.3822923,83,368.3484625,30572.92239,238.5546004,0,970.8697833,211,221.6722702,46772.84901,202.184954,0,970.8697833,44,122.3429433,5383.089506,69.13853946,16.02778022,291.8009987,84,80.26924219,6742.616344,54.45137209,6.398451944,262.2192579,83,159.1406578,13208.6746,92.3309456,0,323.7039699,211,120.0681538,25334.38045,82.23621926,0,323.7039699
141113a,1.15,7.325,1.1,13.965,0.34,5289.908338,3658.508905,3439.524153,8948.417243,160,1,25,22,36,83,29,22,37,88,1,6,1,8,64,50,76,190,35,28,39,102,4809.00758,3181.312091,10116.24751,18106.56719,1,4809.00758,4809.00758,0,4809.00758,4809.00758,6,530.2186818,3181.312091,169.0445785,274.3755628,764.5907741,1,10116.24751,10116.24751,0,10116.24751,10116.24751,8,2263.320898,18106.56719,3285.237687,274.3755628,10116.24751,1,64,64,0,64,64,6,8.333333333,50,2.494438258,5,11,1,76,76,0,76,76,8,23.75,190,26.95714191,5,76,1,764.6947908,764.6947908,0,764.6947908,764.6947908,6,203.8143972,1222.886383,49.52644962,127.2136975,289.9463843,1,921.909596,921.909596,0,921.909596,921.909596,8,363.6863463,2909.49077,282.9515031,127.2136975,921.909596,25,0.900648814,22.51622035,0.409766906,0.333709524,1.71519751,22,0.885836521,19.48840346,0.311019318,0,1.352724262,36,1.198651763,43.15146346,0.561339921,0,2.53953552,83,1.025976955,85.15608727,0.48554628,0,2.53953552,64,4.09375,262,1.720453701,0,7,50,2.08,104,1.262378707,0,4,76,4.973684211,378,1.926092883,0,9,190,3.915789474,744,2.06047086,0,9,64,75.14074343,4809.00758,54.73764903,4.061282892,216.7664575,50,63.62624182,3181.312091,50.53371032,0,191.1696405,76,133.1085199,10116.24751,118.1198756,0,458.0859454,190,95.29772203,18106.56719,90.74623073,0,458.0859454,64,214.0002468,13696.0158,107.2697554,29.33140604,411.0017175,50,90.59707262,4529.853631,58.49571549,9.854743726,246.8044291,76,433.9411826,32979.52988,243.2721058,73.57723642,948.4009498,190,269.5021016,51205.39931,220.7386941,9.854743726,948.4009498,64,147.2653435,9424.981982,73.07034208,28.42463559,289.7055167,50,65.25910053,3262.955027,42.36773338,7.215494937,199.672184,76,154.8051578,11765.19199,87.78958802,25.18951068,309.138646,190,128.7006789,24453.129,82.47125641,7.215494937,309.138646
141117a,1.4,6,1,10.25,0.3,3721.495508,4480.648264,3912.161502,8202.143772,196,1,24,20,34,78,25,20,35,80,1,8,1,10,52,48,73,173,27,28,38,93,3721.495508,3200.463046,13040.53834,19962.49689,1,3721.495508,3721.495508,0,3721.495508,3721.495508,8,400.0578808,3200.463046,167.2864843,116.7072064,715.1080749,1,13040.53834,13040.53834,0,13040.53834,13040.53834,10,1996.249689,19962.49689,3815.223313,116.7072064,13040.53834,1,52,52,0,52,52,8,6,48,3.31662479,1,11,1,73,73,0,73,73,10,17.3,173,23.27251598,1,73,1,544.1870567,544.1870567,0,544.1870567,544.1870567,8,186.5519141,1492.415313,36.12566044,104.559465,222.145346,1,879.0730133,879.0730133,0,879.0730133,879.0730133,10,291.5675383,2915.675383,225.3100223,104.559465,879.0730133,24,1.112570007,26.70168018,0.322686406,0.518606805,1.902079842,20,1.075150629,21.50301257,0.384984413,0.458570261,2.324096179,34,1.347063266,45.80015105,0.62352146,0.238367903,2.586932721,78,1.205190305,94.0048438,0.505231902,0.238367903,2.586932721,52,5.326923077,277,2.06361477,0,9,48,1.541666667,74,0.956520024,0,3,73,4.95890411,362,1.778396663,0,8,173,4.121387283,713,2.334029321,0,9,52,71.56722132,3721.495508,52.61833734,0.994000196,225.9504435,48,66.67631346,3200.463046,44.6568403,5.090593428,166.6982676,73,178.6375115,13040.53834,171.8759934,4.030757881,694.0524783,173,115.3901554,19962.49689,129.5166646,0.994000196,694.0524783,52,221.6060226,11523.51318,92.67987659,36.83487092,392.0190808,48,94.44520599,4533.369888,55.75144208,6.958001375,203.36054,73,463.1865147,33812.61557,227.8773271,101.0702398,952.1995227,173,288.2629979,49869.49864,223.664343,6.958001375,952.1995227,52,145.7814324,7580.634486,57.85547336,28.45503376,254.1901196,48,68.39462614,3282.942055,39.9976024,6.958001375,141.0862386,73,177.5636609,12962.14725,76.57291564,47.18490301,347.8166008,173,137.7209467,23825.72379,77.1168904,6.958001375,347.8166008
141117b,1.45,8.25,1.15,15,0.3,6260.35315,6331.085316,5158.908357,12591.43847,186,1,35,27,50,112,35,28,50,113,1,6,1,8,71,63,101,235,36,35,51,122,5443.785348,4366.265735,17196.36119,27006.41228,1,5443.785348,5443.785348,0,5443.785348,5443.785348,6,727.7109558,4366.265735,251.4466728,361.70757,1108.233136,1,17196.36119,17196.36119,0,17196.36119,17196.36119,8,3375.801535,27006.41228,5451.353974,361.70757,17196.36119,1,71,71,0,71,71,6,10.5,63,3.989569735,5,17,1,101,101,0,101,101,8,29.375,235,33.71919891,5,101,1,699.5974689,699.5974689,0,699.5974689,699.5974689,6,231.3395655,1388.037393,50.97513008,165.0855563,290.7066684,1,1060.49254,1060.49254,0,1060.49254,1060.49254,8,393.5159253,3148.127402,298.316428,165.0855563,1060.49254,35,1.007012706,35.2454447,0.434793961,0.17600336,1.840833621,27,0.892636934,24.10119723,0.440450835,0,1.660971543,50,1.279609444,63.98047222,0.610167489,0.245043859,3.04422964,112,1.101134948,123.3271142,0.547283786,0,3.04422964,71,5.408450704,384,2.475670146,0,10,63,2.380952381,150,1.473884528,0,6,101,5.306930693,536,1.615166817,0,8,235,4.553191489,1070,2.299014688,0,10,71,76.67303307,5443.785348,59.39969684,2.896730417,311.8203985,63,69.30580532,4366.265735,48.68107303,0,163.0294476,101,170.2610019,17196.36119,147.7391669,0.702864659,619.9324229,235,114.9209033,27006.41228,115.7508669,0,619.9324229,71,242.4000112,17210.40079,132.4426599,36.35046931,576.520311,63,108.2608386,6820.432829,66.47457428,0,228.14382,101,489.3201245,49421.33257,239.4415979,109.6191087,1021.190196,235,312.5624093,73452.16619,239.2276378,0,1021.190196,71,140.2052436,9954.572298,80.62687613,32.07709755,366.410407,63,70.66810865,4452.090845,43.61159356,0,153.1029736,101,185.8584237,18771.70079,87.88192133,43.82563955,346.2638449,235,141.1845274,33178.36394,89.35539837,0,366.410407
141117c,1.52,9.145,1.44,8.575,0.23,5777.210612,3435.126336,1634.884064,9212.336948,123,2,28,19,21,68,28,19,21,68,2,7,1,10,58,45,43,146,30,26,22,78,4011.951814,2259.951537,7108.191581,13380.09493,2,2005.975907,4011.951814,112.9383849,1893.037522,2118.914292,7,322.8502196,2259.951537,209.1489524,49.89159529,733.9886906,1,7108.191581,7108.191581,0,7108.191581,7108.191581,10,1338.009493,13380.09493,2042.863461,49.89159529,7108.191581,2,29,58,2,27,31,7,6.428571429,45,3.958973274,1,13,1,43,43,0,43,43,10,14.6,146,13.44023809,1,43,2,472.3951606,944.7903213,39.29284865,433.102312,511.6880093,7,154.9839238,1084.887467,69.1843728,46.74631223,275.9898749,1,762.1411272,762.1411272,0,762.1411272,762.1411272,10,279.1818915,2791.818915,212.7161259,46.74631223,762.1411272,28,1.005571338,28.15599747,0.372206412,0.362547445,1.815631093,19,1.096934721,20.8417597,0.426577835,0.343103879,2.266183174,21,1.527003862,32.06708109,0.730515637,0,2.811639679,68,1.192129975,81.06483827,0.569375555,0,2.811639679,58,4.344827586,252,2.137931034,0,8,45,1.733333333,78,1.10352969,0,4,43,4,172,1.524985703,0,6,146,3.438356164,502,2.04729224,0,8,58,69.171583,4011.951814,49.62445892,2.811457118,259.9213722,45,50.22114527,2259.951537,39.57349183,0,133.2743319,43,165.3067809,7108.191581,168.8695327,0,578.6574695,146,91.64448583,13380.09493,110.396579,0,578.6574695,58,207.1459722,12014.46639,114.1650344,26.47650438,487.6994226,45,71.42314661,3214.041598,46.9315771,0,164.9890079,43,320.0625071,13762.68781,200.9763296,64.72130435,676.3360273,146,198.5698342,28991.19579,164.6571852,0,676.3360273,58,136.0365699,7890.121056,74.16289637,19.06623863,279.5941433,45,51.46053215,2315.723947,33.72641394,0,124.1395399,43,142.9610737,6147.326168,83.15904013,55.73105056,327.5734652,146,112.0080217,16353.17117,78.82757069,0,327.5734652
150119b,1.4,11.25,1.2,20.5,0.35,4705.393774,4565.502826,7858.131271,9270.896599,147,1,26,20,53,99,26,20,53,99,1,6,1,8,53,46,107,206,27,26,54,107,3921.161478,3261.073447,22451.80363,29634.03856,1,3921.161478,3921.161478,0,3921.161478,3921.161478,6,543.5122412,3261.073447,185.5249828,188.2138236,747.4455831,1,22451.80363,22451.80363,0,22451.80363,22451.80363,8,3704.25482,29634.03856,7173.439848,188.2138236,22451.80363,1,53,53,0,53,53,6,7.666666667,46,2.98142397,1,9,1,107,107,0,107,107,8,25.75,206,34.20434914,1,107,1,686.6188324,686.6188324,0,686.6188324,686.6188324,6,215.6728997,1294.037398,56.88872256,156.2930701,311.234666,1,1041.784049,1041.784049,0,1041.784049,1041.784049,8,377.8050349,3022.440279,298.6161894,156.2930701,1041.784049,26,1.012977392,26.3374122,0.308245798,0.467107951,1.579043072,20,0.900584525,18.0116905,0.312744523,0.348102107,1.563131288,53,1.565588319,82.97618092,0.604859933,0.174589595,2.813892807,99,1.286113976,127.3252836,0.57620225,0.174589595,2.813892807,53,5.094339623,270,2.404901841,0,10,46,1.739130435,80,0.942586234,0,3,107,6.355140187,680,2.465660748,0,11,206,5,1030,2.859153246,0,11,53,73.98417882,3921.161478,51.0179919,3.081236472,197.7487322,46,70.89290102,3261.073447,56.22693219,2.811457118,195.4234827,107,209.8299405,22451.80363,222.8785899,2.811457118,1061.522221,206,143.8545561,29634.03856,178.5587999,2.811457118,1061.522221,53,204.1140642,10818.0454,105.8486832,33.57082561,409.6823345,46,102.3685219,4708.952009,66.54850857,8.434371353,243.9927828,107,434.6562433,46508.21803,287.4666313,60.41654109,1357.665343,206,301.1418226,62035.21545,259.4200816,8.434371353,1357.665343,53,136.2756157,7222.607634,70.16055222,33.30547622,288.8677226,46,72.4246163,3331.53235,45.16088507,7.140836548,165.5748235,107,162.1021537,17344.93045,88.28420711,18.48930197,349.6648242,206,135.4323807,27899.07043,83.82373025,7.140836548,349.6648242
150129a,2,15,2,15,0.25,6077.080222,7353.369118,1753.548535,13430.44934,140,0,29,29,22,80,29,29,22,80,1,5,1,7,59,63,45,167,30,34,23,87,3038.540111,3676.684559,7014.19414,13729.41881,1,3038.540111,3038.540111,0,3038.540111,3038.540111,5,735.3369118,3676.684559,113.6661405,535.1188553,878.3716627,1,7014.19414,7014.19414,0,7014.19414,7014.19414,7,1961.345544,13729.41881,2212.681401,535.1188553,7014.19414,1,59,59,0,59,59,5,12.6,63,3.666060556,9,17,1,45,45,0,45,45,7,23.85714286,167,18.45015348,9,59,1,554.2768243,554.2768243,0,554.2768243,554.2768243,5,236.8558101,1184.279051,20.53625286,214.7822146,269.3380032,1,882.7820759,882.7820759,0,882.7820759,882.7820759,7,374.4768501,2621.337951,235.2836206,214.7822146,882.7820759,29,1.043154571,30.25148256,0.437206424,0.135932019,1.867761641,29,0.952963844,27.63595148,0.325700898,0.291303764,1.597936469,22,1.47401777,32.42839095,0.542183846,0.073294105,2.668604617,80,1.128947812,90.31582498,0.485001094,0.073294105,2.668604617,59,6.372881356,376,3.569637997,0,13,63,2.285714286,144,1.146818531,0,4,45,4.177777778,188,1.650439522,0,7,167,4.239520958,708,2.963267295,0,13,59,51.50067985,3038.540111,38.48682636,2.690864672,162.6421667,63,58.36007236,3676.684559,45.1201935,2.399728755,197.3248662,45,155.8709809,7014.19414,135.2431992,3.040889524,445.5286306,167,82.21208868,13729.41881,90.71823965,2.399728755,445.5286306,59,193.668395,11426.43531,112.5050003,14.27999175,394.1766679,63,98.88229343,6229.584486,62.26495189,2.896728854,243.7755209,45,307.9536056,13857.91225,189.380647,55.15096893,612.3529832,167,188.7061799,31513.93204,149.9423639,2.896728854,612.3529832,59,127.926234,7547.647808,71.43020675,10.77176623,272.6431471,63,69.78528262,4396.472805,43.65810084,2.485000491,171.9036657,45,145.3439427,6540.47742,95.16860756,24.90143762,340.3212459,167,110.6862158,18484.59803,77.60107441,2.485000491,340.3212459
150130aB,1.3,6.5,1.05,10.36535304,0.2,3158.145409,4196.532145,1847.802939,7354.677554,168,0,23,15,26,64,23,16,26,65,1,6,1,8,47,39,53,139,24,23,27,74,3007.757532,3228.10165,9239.014697,15474.87388,1,3007.757532,3007.757532,0,3007.757532,3007.757532,6,538.0169417,3228.10165,253.1575783,234.3803896,871.2885581,1,9239.014697,9239.014697,0,9239.014697,9239.014697,8,1934.359235,15474.87388,2885.163312,234.3803896,9239.014697,1,47,47,0,47,47,6,6.5,39,3.253203549,3,12,1,53,53,0,53,53,8,17.375,139,19.10456425,3,53,1,570.0133338,570.0133338,0,570.0133338,570.0133338,6,223.3019284,1339.81157,89.75382852,113.3600159,347.7725406,1,801.0724667,801.0724667,0,801.0724667,801.0724667,8,339.6127635,2716.902108,221.7382485,113.3600159,801.0724667,23,0.911346749,20.96097522,0.38682772,0.165403992,1.592951057,15,0.996567458,14.94851187,0.431202321,0.310502239,2.146293212,26,1.450399967,37.71039913,0.540341736,0.541877146,2.759825376,64,1.150310722,73.61988622,0.527837357,0.165403992,2.759825376,47,5.021276596,236,2.05756892,0,8,39,1.58974359,62,0.979742214,0,3,53,4.301886792,228,1.549009491,0,7,139,3.784172662,526,2.141614364,0,8,47,63.99484111,3007.757532,42.24487165,0,163.7553725,39,82.77183719,3228.10165,61.87564467,4.061282826,272.9884248,53,174.321032,9239.014697,164.2827906,4.558282925,666.3640679,139,111.3300279,15474.87388,120.2818742,0,666.3640679,47,185.8616256,8735.496404,90.95954592,0,375.0330793,39,113.9721683,4444.914563,71.6935675,6.018758274,298.5607613,53,393.0048992,20829.25966,235.983836,76.63859884,841.0545746,139,244.6738894,34009.67062,199.5627638,0,841.0545746,47,124.5440697,5853.571275,60.89040777,0,262.2114014,39,78.18702785,3049.294086,48.66464069,4.709058021,197.2973491,53,161.9082815,8581.138919,85.54668671,43.41459093,338.9631389,139,125.7842035,17484.00428,76.4347668,0,338.9631389
150318a,0.98,10.87,0.87,13.5,0.42,1510.482681,5936.705391,8101.457595,7447.188072,280,1,9,28,44,81,9,29,46,84,1,5,1,7,19,65,95,179,10,36,49,95,1736.18699,6057.862644,19289.18475,27083.23438,1,1736.18699,1736.18699,0,1736.18699,1736.18699,5,1211.572529,6057.862644,430.9374575,475.8480254,1718.151025,1,19289.18475,19289.18475,0,19289.18475,19289.18475,7,3869.033483,27083.23438,6308.374574,475.8480254,19289.18475,1,19,19,0,19,19,5,13,65,4.898979486,5,19,1,95,95,0,95,95,7,25.57142857,179,28.71961571,5,95,1,480.5711445,480.5711445,0,480.5711445,480.5711445,5,324.2725521,1621.36276,75.13799562,222.2492219,417.1280452,1,1084.239584,1084.239584,0,1084.239584,1084.239584,7,455.1676413,3186.173489,269.9928732,222.2492219,1084.239584,9,0.863370773,7.770336961,0.401998554,0.246605176,1.363055507,28,1.089562218,30.5077421,0.370979759,0.488761438,1.953133069,44,1.636705707,72.0150511,0.731804743,0.157953447,2.922923708,81,1.361643582,110.2931302,0.671353068,0.157953447,2.922923708,19,3.263157895,62,1.584201784,0,5,65,2.523076923,164,1.371217228,0,5,95,5.778947368,549,2.225114769,0,10,179,4.329608939,775,2.448980032,0,10,19,91.37826262,1736.18699,45.16761558,24.54782165,198.4089335,65,93.19788682,6057.862644,70.04040993,0.702864279,248.6216362,95,203.04405,19289.18475,204.2920148,1.696864476,956.2357094,179,151.3029854,27083.23438,164.8511486,0.702864279,956.2357094,19,275.3326473,5231.320298,126.2352461,24.54782165,439.9458736,65,130.6370616,8491.409004,87.24848681,4.387729148,297.6103309,95,623.5286406,59235.22086,436.3447042,83.14274156,2019.410584,179,407.5863137,72957.95016,399.9517998,4.387729148,2019.410584,19,194.0850186,3687.615354,87.24181315,20.08011749,302.222854,65,89.77465625,5835.352656,60.30692099,4.098367802,242.7167401,95,214.0475737,20334.5195,92.05463932,40.56195271,362.8258512,179,166.8016062,29857.48751,100.2204941,4.098367802,362.8258512
150423a1,1.3,15.5,1.3,17.25,0.3,6075.905802,4938.959146,2199.692281,11014.86495,140,1,30,28,22,80,31,31,22,84,1,3,1,5,64,68,45,177,33,37,23,93,4673.773694,3799.199343,7332.307603,15805.28064,1,4673.773694,4673.773694,0,4673.773694,4673.773694,3,1266.399781,3799.199343,524.5172833,869.7779398,2007.569714,1,7332.307603,7332.307603,0,7332.307603,7332.307603,5,3161.056128,15805.28064,2501.286727,869.7779398,7332.307603,1,64,64,0,64,64,3,22.66666667,68,10.20892855,14,37,1,45,45,0,45,45,5,35.4,177,18.4889156,14,64,1,710.9559991,710.9559991,0,710.9559991,710.9559991,3,341.1431024,1023.429307,96.81074482,259.2287623,477.105594,1,737.3570909,737.3570909,0,737.3570909,737.3570909,5,494.3484794,2471.742397,202.2397718,259.2287623,737.3570909,30,1.289316491,38.67949474,0.423844385,0.273332217,2.463455079,28,1.108051495,31.02544185,0.440624301,0.368809098,2.424044379,22,1.416090892,31.15399963,0.755306792,0.055231455,2.953304022,80,1.260736703,100.8589362,0.55435198,0.055231455,2.953304022,64,4.265625,273,1.752161054,0,8,68,3.602941176,245,2.149826983,0,9,45,5.911111111,266,2.957643373,0,11,177,4.429378531,784,2.437196722,0,11,64,73.02771396,4673.773694,66.81397863,0.702864279,374.7899341,68,55.87057858,3799.199343,43.01474767,0,159.4394872,45,162.9401689,7332.307603,143.5811469,0.497000098,574.4693713,177,89.29537085,15805.28064,97.31387365,0,574.4693713,64,182.7507417,11696.04747,129.276078,16.12279859,727.7261108,68,117.9908729,8023.379355,86.87062904,0,377.2619701,45,400.2970939,18013.36923,239.4844119,0.497000098,969.513428,177,213.1796387,37732.79605,190.3699575,0,969.513428,64,114.1358202,7304.692494,67.88968129,16.07700504,288.6424425,68,80.7340233,5489.913585,59.27768752,0,262.9749869,45,136.9965129,6164.843082,67.48827981,0.497000098,278.3812734,177,107.115532,18959.44916,68.4591689,0,288.6424425
150423a2,0.95,12.625,0.91,13.05,0.27,1781.987308,4849.297893,2270.962861,6631.285201,300,1,11,33,29,73,11,33,29,73,1,7,1,9,23,73,59,155,12,40,30,82,1958.227811,5104.524098,8410.973558,15473.72547,1,1958.227811,1958.227811,0,1958.227811,1958.227811,7,729.2177282,5104.524098,266.5689569,367.3253667,1083.368971,1,8410.973558,8410.973558,0,8410.973558,8410.973558,9,1719.30283,15473.72547,2408.199763,367.3253667,8410.973558,1,23,23,0,23,23,7,10.42857143,73,4.237827707,5,17,1,59,59,0,59,59,9,17.22222222,155,15.73232891,5,59,1,440.0511736,440.0511736,0,440.0511736,440.0511736,7,255.6120589,1789.284412,72.59393464,167.378736,370.6871802,1,835.2251154,835.2251154,0,835.2251154,835.2251154,9,340.5067446,3064.560701,194.9342535,167.378736,835.2251154,11,0.986312107,10.84943318,0.408091113,0.420807674,1.514441001,33,0.855147221,28.2198583,0.270355738,0.352739349,1.413568276,29,1.252031835,36.30892322,0.422019315,0.330713451,2.142785799,73,1.032578284,75.37821471,0.403205564,0.330713451,2.142785799,23,3.826086957,88,1.992424215,0,7,73,2.219178082,162,1.295371902,0,5,59,4.644067797,274,1.792287733,0,8,155,3.380645161,524,1.968365845,0,8,23,85.1403396,1958.227811,57.83557793,8.030757914,250.2942385,73,69.92498764,5104.524098,45.96686649,2.811458635,190.4905707,59,142.5588739,8410.973558,118.5356303,0.497000366,466.7838098,155,99.83048688,15473.72547,89.37553534,0.497000366,466.7838098,23,231.7276323,5329.735542,118.0809064,32,430.1966488,73,128.4599161,9377.573873,65.90966978,2.811458635,252.215998,59,445.470242,26282.74428,206.0824939,61.58353139,785.0379258,155,264.4519593,40990.05369,204.0162698,2.811458635,785.0379258,23,179.8586317,4136.748529,87.33559111,32,304.551465,73,91.21818732,6658.927675,44.9310703,2.811458635,175.1117067,59,181.2765048,10695.31379,85.99711337,39.31832635,340.4156371,155,138.6515483,21490.98999,83.07148566,2.811458635,340.4156371
150423b,1.4,7.75,1.5,9,0.325,5299.71822,5004.597332,2928.901904,10304.31555,176,1,25,23,29,77,26,23,29,78,1,6,1,8,54,52,59,165,28,29,30,87,3533.14548,3574.71238,9012.005858,16119.86372,1,3533.14548,3533.14548,0,3533.14548,3533.14548,6,595.7853966,3574.71238,247.3009581,331.1757513,1048.612594,1,9012.005858,9012.005858,0,9012.005858,9012.005858,8,2014.982965,16119.86372,2822.118526,331.1757513,9012.005858,1,54,54,0,54,54,6,8.666666667,52,5.217491948,3,19,1,59,59,0,59,59,8,20.625,165,21.2363927,3,59,1,539.4095867,539.4095867,0,539.4095867,539.4095867,6,237.8481509,1427.088905,61.8898015,167.4158087,338.2897004,1,819.5050133,819.5050133,0,819.5050133,819.5050133,8,348.2504382,2786.003505,210.5756307,167.4158087,819.5050133,25,1.048998297,26.22495743,0.25936865,0.45645241,1.577905449,23,0.952574814,21.90922073,0.383511711,0,1.642326274,29,1.437878237,41.69846887,0.479015433,0.56270433,2.56790167,77,1.166657754,89.83264704,0.445064753,0,2.56790167,54,4.425925926,239,1.684370988,0,8,52,2,104,1.176696811,0,4,59,4.440677966,262,1.575997789,0,7,165,3.666666667,605,1.879178845,0,8,54,65.42861999,3533.14548,43.34631021,4.061282826,186.7343311,52,68.74446884,3574.71238,47.97581463,0,179.5168697,59,152.745862,9012.005858,124.2697332,3.89072905,457.0830694,165,97.69614374,16119.86372,92.47085319,0,457.0830694,54,174.2438355,9409.167116,86.27750084,4.061282826,379.0283456,52,110.4966391,5745.825234,62.44484978,8.825429932,200.5782817,59,397.7099,23464.8841,184.2054726,82.62159114,722.3430837,165,234.0598573,38619.87645,177.0796374,4.061282826,722.3430837,54,115.8947539,6258.316711,54.19053267,4.061282826,247.0283915,52,76.24083313,3964.523323,42.23281831,7.215492239,139.1385199,59,170.2363605,10043.94527,75.84917031,35.59983271,322.2770174,165,122.8290018,20266.7853,71.300386,4.061282826,322.2770174
150424a,1.315,4.9,1.1,11.355,0.31,2946.880283,6198.104395,4054.898115,9144.984678,128,0,22,30,32,84,22,30,32,84,1,7,1,9,45,67,65,177,23,37,33,93,2678.982075,4713.387373,13080.3165,20472.68595,1,2678.982075,2678.982075,0,2678.982075,2678.982075,7,673.3410534,4713.387373,527.6685779,143.4296008,1681.952834,1,13080.3165,13080.3165,0,13080.3165,13080.3165,9,2274.742884,20472.68595,3899.063766,143.4296008,13080.3165,1,45,45,0,45,45,7,9.571428571,67,6.38876565,1,21,1,65,65,0,65,65,9,19.66666667,177,20.2649122,1,65,1,437.4799384,437.4799384,0,437.4799384,437.4799384,7,223.8547491,1566.983243,104.2791609,115.7361496,442.8158452,1,1020.065764,1020.065764,0,1020.065764,1020.065764,9,336.0587718,3024.528946,267.1659953,115.7361496,1020.065764,22,1.001805238,22.03971523,0.411631646,0.282418595,2.011944555,30,0.922117159,27.66351476,0.385154295,0,1.786601972,32,1.409878559,45.1161139,0.711985075,0,2.963066641,84,1.128801713,94.81934389,0.58313647,0,2.963066641,45,7.288888889,328,3.581571488,0,13,67,2.47761194,166,1.669374795,0,7,65,4.615384615,300,1.642627423,0,7,177,4.485875706,794,2.972771624,0,13,45,59.53293501,2678.982075,42.79246024,2.896730417,171.684269,67,70.34906528,4713.387373,47.75123616,0,193.6607515,65,201.2356385,13080.3165,200.2391517,0,856.6438934,177,115.6648924,20472.68595,142.5498705,0,856.6438934,45,164.8896688,7420.035096,104.7022617,6.049284358,383.5659864,67,149.9898246,10049.31825,103.7690907,3.102594709,457.7684162,65,505.0705244,32829.58409,354.8954952,84.00963055,1727.626371,177,284.1747877,50298.93743,285.4268663,3.102594709,1727.626371,45,108.6759632,4890.418342,68.7006183,4.735213139,258.4964964,67,103.8501202,6957.958056,70.84363233,2.897985228,303.6596529,65,174.0627543,11314.07903,85.06658511,49.56464781,371.8975727,177,130.8613301,23162.45543,82.72743414,2.897985228,371.8975727
150428b1,1.05,11.925,1.1,13.65,0.36,4870.83113,4218.512317,2426.417621,9089.343447,164,1,26,28,22,76,27,28,22,77,1,6,1,8,56,62,45,163,29,34,23,86,4428.0283,4017.630778,6740.048947,15185.70803,1,4428.0283,4428.0283,0,4428.0283,4428.0283,6,669.6051297,4017.630778,270.5575831,234.4170902,1099.289433,1,6740.048947,6740.048947,0,6740.048947,6740.048947,8,1898.213503,15185.70803,2217.527142,234.4170902,6740.048947,1,56,56,0,56,56,6,10.33333333,62,4.988876516,3,19,1,45,45,0,45,45,8,20.375,163,18.13103348,3,56,1,611.9996124,611.9996124,0,611.9996124,611.9996124,6,231.543463,1389.260778,52.00593424,148.1995648,309.3316112,1,818.3027156,818.3027156,0,818.3027156,818.3027156,8,352.2443511,2817.954808,220.5056803,146.5912673,818.3027156,26,0.89934519,23.38297495,0.36459357,0,1.717358156,28,0.944254795,26.43913425,0.374499946,0.430133892,2.345686306,22,1.368442668,30.10573869,0.670646878,0.535067955,2.936887229,76,1.051682209,79.92784789,0.518245425,0,2.936887229,56,4.839285714,271,2.152878353,0,9,62,2.193548387,136,1.229197347,0,5,45,4.177777778,188,1.804794711,0,8,163,3.650306748,595,2.106180628,0,9,56,79.07193393,4428.0283,59.22178385,0,231.9479225,62,64.80049642,4017.630778,48.03883628,1.902728657,181.2536179,45,149.7788655,6740.048947,112.9976644,0.497000098,395.1045293,163,93.16385292,15185.70803,82.8665807,0,395.1045293,56,198.0418812,11090.34535,105.4651487,19.14186016,399.497853,62,105.1140168,6517.069039,59.06196124,6.049283219,218.0669871,45,454.6748747,20460.36936,207.4391526,71.83191679,808.9183169,163,233.5446856,38067.78375,192.9625087,6.049283219,808.9183169,56,132.1029424,7397.764774,71.71569168,16.19945174,291.1590852,62,74.10000759,4594.200471,40.5530438,4.735212407,142.4119737,45,184.1817412,8288.178356,87.60385583,42.56218399,329.4745394,163,124.4180589,20280.1436,80.50223213,4.735212407,329.4745394
150428b2,1.16,8.36,1.19,11.995,0.31,2524.788159,4858.547178,5136.081411,7383.335338,96,0,17,33,46,96,17,33,46,96,1,6,1,8,35,72,93,200,18,39,47,104,2121.670722,4188.40274,16568.00455,22878.07801,1,2121.670722,2121.670722,0,2121.670722,2121.670722,6,698.0671234,4188.40274,397.4851498,172.041777,1402.675811,1,16568.00455,16568.00455,0,16568.00455,16568.00455,8,2859.759752,22878.07801,5213.518578,172.041777,16568.00455,1,35,35,0,35,35,6,12,72,6.608075867,3,23,1,93,93,0,93,93,8,25,200,27.38612788,3,93,1,481.85251,481.85251,0,481.85251,481.85251,6,250.7360824,1504.416494,79.54791079,124.8886083,359.8059125,1,944.5312784,944.5312784,0,944.5312784,944.5312784,8,366.3500353,2930.800283,241.2988575,124.8886083,944.5312784,17,0.960602133,16.33023627,0.379881729,0.3109409,1.787931298,33,0.950362653,31.36196754,0.32107794,0.332056955,1.536790541,46,1.303147518,59.94478583,0.632382945,0.344295767,2.680615777,96,1.121218642,107.6369896,0.532050429,0.3109409,2.680615777,35,4.514285714,158,2.195728692,0,8,72,2.444444444,176,1.403258993,0,6,93,5.849462366,544,2.501381281,0,12,200,4.39,878,2.611110875,0,12,35,60.61916349,2121.670722,42.48088601,2.108592838,219.368199,72,58.17226028,4188.40274,37.12460266,2.485000491,200.1910903,93,178.1505866,16568.00455,192.8740964,0.497000098,917.1848125,200,114.3903901,22878.07801,147.1200854,0.497000098,917.1848125,35,191.1476244,6690.166853,103.8037615,8.53428371,414.9668882,72,122.9344182,8851.278111,72.49128153,4.764147106,313.0829962,93,441.8365164,41090.79603,271.6962869,72.95176076,1209.830413,200,283.161205,56632.24099,246.0380422,4.764147106,1209.830413,35,135.1135103,4728.972859,72.37733596,6.399056091,288.046551,72,88.43785039,6367.525228,53.66957762,4.2398199,248.0030363,93,149.1925096,13874.90339,71.74415987,45.82915536,343.144607,200,124.8570074,24971.40148,71.54315809,4.2398199,343.144607
150527a,0.9,9.815,0.92,16.45,0.3,2267.57134,4806.061965,6426.826869,7073.633305,249,1,14,29,54,97,14,29,55,98,1,7,1,9,29,65,112,206,15,36,57,108,2464.751456,5340.06885,21422.75623,29227.57653,1,2464.751456,2464.751456,0,2464.751456,2464.751456,7,762.8669786,5340.06885,281.841278,326.8486502,1147.267257,1,21422.75623,21422.75623,0,21422.75623,21422.75623,9,3247.508504,29227.57653,6452.583328,326.8486502,21422.75623,1,29,29,0,29,29,7,9.285714286,65,4.333071682,3,15,1,112,112,0,112,112,9,22.88888889,206,32.3262688,3,112,1,568.4936604,568.4936604,0,568.4936604,568.4936604,7,288.8554478,2021.988135,38.53665654,224.7139936,317.3906335,1,1171.780185,1171.780185,0,1171.780185,1171.780185,9,418.0291089,3762.261981,282.4450048,224.7139936,1171.780185,14,0.816586344,11.43220882,0.365629908,0.265885046,1.296414916,29,1.178753285,34.18384527,0.404623275,0.205127546,1.873233622,54,1.614267109,87.17042388,0.776242236,0.217023273,3.013507164,97,1.368932763,132.786478,0.701453388,0.205127546,3.013507164,29,4.137931034,120,1.960368332,0,7,65,2.153846154,140,1.327006686,0,5,112,7.026785714,787,2.630385026,0,12,206,5.082524272,1047,3.121797067,0,12,29,84.99142953,2464.751456,51.49250689,6.122125996,163.3721432,65,82.15490539,5340.06885,64.06605325,0.702864279,181.3483951,112,191.2746092,21422.75623,205.9532964,0.497000098,1014.471043,206,141.8814395,29227.57653,166.2454345,0.497000098,1014.471043,29,219.2456971,6358.125215,97.91853768,31.06674055,370.1386302,65,108.3179799,7040.668697,74.67763503,4.799457511,209.7657914,112,547.5743783,61328.33036,337.8427362,28.00686064,1560.038265,206,362.7530305,74727.12428,327.204399,4.799457511,1560.038265,29,175.3376777,5084.792652,73.55623801,30.41295643,270.0274265,65,76.76291982,4989.589788,52.95025673,3.927115549,161.7417252,112,196.0537051,21958.01498,95.63190499,24.69494374,385.4318063,206,155.4970748,32032.39742,97.59278596,3.927115549,385.4318063
150601a,0.9,9.735,0.86,9.67,0.31,3044.118116,2824.88472,4055.030525,5869.002836,141,2,25,17,27,69,25,17,29,71,2,7,1,10,52,41,61,154,27,24,32,83,3539.672228,3138.7608,13080.74363,19759.17666,2,1769.836114,3539.672228,38.06160573,1731.774508,1807.89772,7,448.3944001,3138.7608,343.7442221,87.7096476,1140.579319,1,13080.74363,13080.74363,0,13080.74363,13080.74363,10,1975.917666,19759.17666,3749.20536,87.7096476,13080.74363,2,26,52,1,25,27,7,5.857142857,41,4.882287854,1,15,1,61,61,0,61,61,10,15.4,154,17.63632615,1,61,2,390.7887677,781.5775355,22.06942785,368.7193399,412.8581956,7,196.0607252,1372.425077,94.32799972,60.85721722,365.6494123,1,809.9042191,809.9042191,0,809.9042191,809.9042191,10,296.3906831,2963.906831,203.7742309,60.85721722,809.9042191,25,1.033456869,25.83642172,0.34902907,0.19906802,1.710675301,17,1.007281187,17.12378019,0.355355505,0.377103258,1.804654184,27,1.381138346,37.29073534,0.582706271,0.12299233,2.587570791,69,1.163057062,80.25093725,0.488661926,0.12299233,2.587570791,52,4.269230769,222,2.410835991,0,9,41,1.707317073,70,1.064823412,0,3,61,5.885245902,359,2.073235854,0,9,154,4.227272727,651,2.597508115,0,9,52,68.07061977,3539.672228,49.84926109,0.497000366,212.7055699,41,76.55514148,3138.7608,43.2003873,2.108593976,174.3195441,61,214.4384202,13080.74363,207.7250425,1.696865392,825.3428695,154,128.306342,19759.17666,152.6580111,0.497000366,825.3428695,52,153.6385601,7989.205125,98.58504084,5.708189052,346.6653129,41,130.3264598,5343.384851,70.710391,13.157559,281.2547449,61,453.5178179,27664.58689,261.1699639,83.09399461,1133.842671,154,266.2154342,40997.17687,233.9291416,5.708189052,1133.842671,52,110.0962397,5725.004462,68.86701628,5.375880915,248.335107,41,93.26479123,3823.85644,48.49882219,12.3649641,196.3594231,61,174.0003059,10614.01866,71.25989204,51.53722183,327.3734536,154,130.9277894,20162.87957,74.14912934,5.375880915,327.3734536
150601b,1.45,4.435,1.05,13.265,0.32,3712.129882,5930.0048,3862.071072,9642.134682,162,1,28,26,32,86,29,26,32,87,1,5,1,7,60,57,65,182,31,31,33,95,3535.361792,4089.658483,12068.9721,19693.99237,1,3535.361792,3535.361792,0,3535.361792,3535.361792,5,817.9316966,4089.658483,461.5703532,108.0652998,1502.830367,1,12068.9721,12068.9721,0,12068.9721,12068.9721,7,2813.427482,19693.99237,3912.645222,108.0652998,12068.9721,1,60,60,0,60,60,5,11.4,57,6.118823416,1,19,1,65,65,0,65,65,7,26,182,23.69448399,1,65,1,625.8168163,625.8168163,0,625.8168163,625.8168163,5,271.8304471,1359.152235,102.2985349,100.3278031,412.0702793,1,822.2868288,822.2868288,0,822.2868288,822.2868288,7,401.0365544,2807.255881,227.9642835,100.3278031,822.2868288,28,0.981014794,27.46841423,0.271187607,0.449068705,1.479718384,26,0.819324752,21.30244356,0.464045895,0,1.754225648,32,1.243122002,39.77990408,0.652157532,0,2.624175267,86,1.029660022,88.55076187,0.527637742,0,2.624175267,60,6.1,366,2.718455444,0,10,57,2.561403509,146,1.426780745,0,6,65,5.046153846,328,2.078688708,0,9,182,4.615384615,840,2.594454063,0,10,60,58.92269653,3535.361792,42.64427429,2.896728854,186.7470426,57,71.74839444,4089.658483,57.75727118,0,281.6156768,65,185.6764938,12068.9721,193.7445578,0,802.7061303,182,108.2087493,19693.99237,135.6863321,0,802.7061303,60,226.3391631,13580.34979,94.20063564,31.18832397,412.8908265,57,110.2129041,6282.135533,69.39087362,13.09187986,322.3212793,65,440.3070253,28619.95664,251.4894859,82.30988885,927.5981675,182,266.3870438,48482.44196,214.4575241,13.09187986,927.5981675,60,151.886231,9113.173862,59.61146326,30.69188079,281.0115919,57,76.65915752,4369.571979,47.87844661,10.50112994,221.9486712,65,152.2655849,9897.263015,79.27958496,28.23696838,334.4281468,182,128.4615871,23380.00886,73.19736783,10.50112994,334.4281468
150610b1,1.04,11.5,1.15,17.71,0.21,3246.873499,3495.620149,3269.160997,6742.493648,114,1,19,19,45,83,19,20,45,84,1,9,1,11,39,50,91,180,20,30,46,96,2823.36826,3361.17322,15567.43332,21751.9748,1,2823.36826,2823.36826,0,2823.36826,2823.36826,9,373.4636911,3361.17322,250.9736727,97.0401522,807.6466014,1,15567.43332,15567.43332,0,15567.43332,15567.43332,11,1977.452255,21751.9748,4360.202906,97.0401522,15567.43332,1,39,39,0,39,39,9,5.555555556,50,4.139541336,1,13,1,91,91,0,91,91,11,16.36363636,180,25.74092153,1,91,1,609.0956146,609.0956146,0,609.0956146,609.0956146,9,173.9183184,1565.264866,61.65100845,86.5430408,304.9446118,1,1115.821666,1115.821666,0,1115.821666,1115.821666,11,299.4600455,3294.060501,291.818458,87.30343484,1115.821666,19,1.052859973,20.00433948,0.53268977,0.191889266,2.219273922,19,1.112119058,21.13026211,0.563745303,0.186412924,2.452791745,45,1.417061493,63.76776718,0.677250025,0.172930217,2.871006025,83,1.263883961,104.9023688,0.643871754,0.172930217,2.871006025,39,5.179487179,202,2.540662087,0,9,50,1.66,83,1.242738911,0,5,91,5.538461538,504,2.023530221,0,10,180,4.383333333,789,2.601868986,0,10,39,72.39405794,2823.36826,44.1598533,9.286422541,173.4354082,50,67.22346441,3361.17322,39.01432825,2.811457118,146.2229937,91,171.0706959,15567.43332,158.8853379,1.199864378,893.4918398,180,120.8443045,21751.9748,127.2418473,1.199864378,893.4918398,39,231.8176034,9040.886533,109.9816991,30.44924219,422.4243546,50,113.2394733,5661.973663,60.78675667,3.57823657,251.0555684,91,438.8180995,39932.44706,238.0659034,67.13948091,1210.104076,180,303.5294847,54635.30725,229.6204958,3.57823657,1210.104076,39,159.0650154,6203.5356,77.11324992,30.41295643,306.5464675,50,80.61303679,4030.651839,43.26643591,3.199225764,188.4407814,91,173.2948938,15769.83534,89.23845124,25.69494172,346.3183536,180,144.4667932,26004.02278,86.21653104,3.199225764,346.3183536
150610b2,1.51,8.665,1.26,8.89,0.3,3155.508946,8220.15766,3255.797028,11375.66661,147,0,16,44,28,88,16,44,29,89,1,5,1,7,33,93,61,187,17,49,32,98,2504.372179,5443.81302,10852.65676,18800.84196,1,2504.372179,2504.372179,0,2504.372179,2504.372179,5,1088.762604,5443.81302,573.7143709,259.5588512,1852.6244,1,10852.65676,10852.65676,0,10852.65676,10852.65676,7,2685.834566,18800.84196,3404.384746,259.5588512,10852.65676,1,33,33,0,33,33,5,18.6,93,11.05621997,3,35,1,61,61,0,61,61,7,26.71428571,187,17.54760289,3,61,1,633.1937548,633.1937548,0,633.1937548,633.1937548,5,266.6119705,1333.059852,102.4066882,95.9484652,355.6114103,1,1038.325822,1038.325822,0,1038.325822,1038.325822,7,429.2256328,3004.57943,292.1002031,95.9484652,1038.325822,16,0.939354204,15.02966727,0.406791146,0.299040377,1.49927493,44,0.977061038,42.99068569,0.3823316,0.162943318,2.337146456,28,1.411741347,39.52875773,0.508268676,0.286091805,2.671393893,88,1.108512621,97.54911069,0.477987926,0.162943318,2.671393893,33,4.727272727,156,2.402936679,0,8,93,3.440860215,320,1.804786739,0,7,61,6.327868852,386,2.245004009,0,10,187,4.609625668,862,2.434711848,0,10,33,75.89006604,2504.372179,42.83354223,2.811457118,152.2469351,93,58.53562387,5443.81302,45.15335604,0.702864279,153.2900657,61,177.9124059,10852.65676,160.2225031,0,533.6934224,187,100.5392618,18800.84196,112.4690339,0,533.6934224,33,210.8410372,6957.754229,108.5617361,2.811457118,446.2810829,93,99.25533434,9230.746093,60.23555917,1.988000393,234.7658474,61,429.9561033,26227.3223,231.3518823,0,880.7827827,187,226.8225809,42415.82262,207.2253368,0,880.7827827,33,147.0254099,4851.838526,72.62357299,2.811457118,285.6240133,93,72.16848987,6711.669557,43.34246945,1.988000393,173.7167853,61,193.7201984,11816.9321,93.76201654,0,327.7667085,187,125.0290919,23380.44018,88.01686518,0,327.7667085
150611a,1.12,7.385,1,12.595,0.37,2913.820502,4255.875643,2188.515165,7169.696145,228,0,19,23,16,58,19,23,16,58,1,4,1,6,39,50,33,122,20,27,17,64,2913.820502,3799.888967,5914.905851,12628.61532,1,2913.820502,2913.820502,0,2913.820502,2913.820502,4,949.9722417,3799.888967,317.7560319,649.957576,1435.57474,1,5914.905851,5914.905851,0,5914.905851,5914.905851,6,2104.76922,12628.61532,1866.806764,649.957576,5914.905851,1,39,39,0,39,39,4,12.5,50,1.658312395,11,15,1,33,33,0,33,33,6,20.33333333,122,11.29404956,11,39,1,449.6369992,449.6369992,0,449.6369992,449.6369992,4,328.1775455,1312.710182,129.9385101,195.2088152,522.3163999,1,752.9082446,752.9082446,0,752.9082446,752.9082446,6,419.2092376,2515.255426,188.3985215,195.2088152,752.9082446,19,1.14912652,21.83340389,0.401044153,0.376258269,2.127458643,23,0.935038884,21.50589433,0.377123384,0.287657082,1.722229834,16,1.478344696,23.65351513,0.540271881,0.329502492,2.177606089,58,1.155048506,66.99281335,0.487491622,0.287657082,2.177606089,39,6.051282051,236,2.791458749,0,10,50,2.16,108,1.007174265,0,4,33,4,132,1.906925178,0,8,122,3.901639344,476,2.571629056,0,10,39,74.71334621,2913.820502,55.64006766,4.034889721,204.7343528,50,75.99777934,3799.888967,62.15738058,0.702864279,256.9248836,33,179.2395713,5914.905851,184.4972767,2.982000589,615.9457223,122,103.5132403,12628.61532,117.9277931,0.702864279,615.9457223,39,215.0374338,8386.459916,95.5644616,43.02693618,404.222813,50,116.068284,5803.4142,84.0824347,0.702864279,370.1595261,33,399.738822,13191.38113,241.8563493,120.3068918,897.0286757,122,224.4365184,27381.25524,186.5284638,0.702864279,897.0286757,39,151.0598565,5891.334403,59.38615875,42.14677277,258.7057403,50,82.08548596,4104.274298,57.78281531,0.702864279,262.1055313,33,139.2749873,4596.074582,75.5701259,36.29715437,309.9214857,122,119.6039613,14591.68328,70.9815862,0.702864279,309.9214857
150611b,1.25,11.805,1.42,10.45,0.3,2863.856327,4684.35147,2830.845962,7548.207797,165,1,14,24,26,64,14,24,27,65,1,5,1,7,29,53,56,138,15,29,29,73,2016.80023,3747.481176,9436.153208,15200.43461,1,2016.80023,2016.80023,0,2016.80023,2016.80023,5,749.4962352,3747.481176,402.1353338,301.4413976,1341.366901,1,9436.153208,9436.153208,0,9436.153208,9436.153208,7,2171.490659,15200.43461,3017.050497,301.4413976,9436.153208,1,29,29,0,29,29,5,10.6,53,5.986651819,3,19,1,56,56,0,56,56,7,19.71428571,138,16.89221533,3,56,1,463.6022579,463.6022579,0,463.6022579,463.6022579,5,296.6158248,1483.079124,126.5399517,173.5725797,506.9420162,1,1054.422701,1054.422701,0,1054.422701,1054.422701,7,425.0291417,2975.203992,281.9735416,173.5725797,1054.422701,14,1.012178984,14.17050578,0.325864839,0.524299895,1.594456293,24,1.051478396,25.2354815,0.341505023,0.473679858,1.704461332,26,1.224601399,31.83963636,0.552284597,0.131099272,2.276240409,64,1.113212869,71.24562365,0.446743282,0.131099272,2.276240409,29,3.448275862,100,1.475926521,0,6,53,2.641509434,140,1.770772559,0,7,56,4.321428571,242,1.783927678,0,8,138,3.492753623,482,1.873717443,0,8,29,69.54483551,2016.80023,56.14952793,0,236.5897262,53,70.707192,3747.481176,51.12339779,3.393728952,189.7516839,56,168.5027359,9436.153208,160.5384193,0.702864279,674.4017339,138,110.1480769,15200.43461,120.2101668,0,674.4017339,29,189.0672138,5482.949202,105.4232702,0,347.9024517,53,124.1355633,6579.184854,82.50322687,6.081779048,367.7552673,56,418.170921,23417.57158,215.8350864,102.7332986,828.1456595,138,257.0993162,35479.70563,205.2907355,0,828.1456595,29,138.0753656,4004.185602,76.60908157,0,265.2518828,53,85.80536575,4547.684385,60.14777098,6.081779048,284.1594461,56,184.265742,10318.88155,76.72421739,51.36547327,342.4286517,138,136.7445764,18870.75154,83.21567205,0,342.4286517
150701a,1.41,11.005,1.5,12.68,0.22,6284.754126,4149.374483,872.0163894,10434.12861,135,0,30,25,12,67,30,25,12,67,1,5,1,7,61,55,25,141,31,30,13,74,4189.836084,2942.818782,3963.710861,11096.36573,1,4189.836084,4189.836084,0,4189.836084,4189.836084,5,588.5637564,2942.818782,134.9940698,413.8890955,757.3760268,1,3963.710861,3963.710861,0,3963.710861,3963.710861,7,1585.195104,11096.36573,1581.092708,413.8890955,4189.836084,1,61,61,0,61,61,5,11,55,2.828427125,7,15,1,25,25,0,25,25,7,20.14285714,141,17.52898474,7,61,1,668.1681611,668.1681611,0,668.1681611,668.1681611,5,214.97217,1074.86085,26.90452125,190.4272016,266.6531246,1,626.4995718,626.4995718,0,626.4995718,626.4995718,7,338.5040833,2369.528583,196.9553031,190.4272016,668.1681611,30,1.132062845,33.96188534,0.415118482,0.393623028,1.882658859,25,1.036801691,25.92004228,0.321333338,0.334961259,1.864256559,12,1.243800324,14.92560389,0.712980419,0,2.875080573,67,1.116530321,74.8075315,0.460559319,0,2.875080573,61,5.868852459,358,3.117772481,0,12,55,2.145454545,118,1.150781265,0,4,25,3.12,78,1.305986217,0,5,141,3.929078014,554,2.830044959,0,12,61,68.68583744,4189.836084,61.7612996,1.902728657,335.8609966,55,53.50579604,2942.818782,41.20091034,2.485000491,177.1772162,25,158.5484344,3963.710861,120.4975474,0,414.0215771,141,78.69762927,11096.36573,79.42432421,0,414.0215771,61,168.2535781,10263.46826,97.5018282,7.613126291,513.5604505,55,83.84171845,4611.294515,53.0670469,9.272458395,223.0249086,25,338.6266659,8465.666647,219.1474125,3,972.9637538,141,165.5349605,23340.42942,147.1226719,3,972.9637538,61,111.8477564,6822.713139,62.73217569,6.513235489,324.6344558,55,59.69799547,3283.389751,35.98718873,8.411437119,156.0010486,25,109.6443375,2741.108438,72.46689643,3,334.3367948,141,91.11497396,12847.21133,61.40558502,3,334.3367948
150703a,1.15,9.85,1.13,11.895,0.23,2599.611988,3812.322625,1066.704427,6411.934612,162,0,13,23,12,48,14,23,12,49,1,5,1,7,30,51,25,106,16,28,13,57,2300.541582,3315.063152,4637.845336,10253.45007,1,2300.541582,2300.541582,0,2300.541582,2300.541582,5,663.0126304,3315.063152,475.6009829,316.1132463,1594.22563,1,4637.845336,4637.845336,0,4637.845336,4637.845336,7,1464.778581,10253.45007,1469.303873,316.1132463,4637.845336,1,30,30,0,30,30,5,10.2,51,6.76461381,5,23,1,25,25,0,25,25,7,15.14285714,106,9.775020225,5,30,1,503.205184,503.205184,0,503.205184,503.205184,5,250.3001942,1251.500971,116.6247496,149.2765912,476.8794775,1,695.824283,695.824283,0,695.824283,695.824283,7,350.2165052,2451.515536,193.2633898,149.2765912,696.8093814,13,0.8692345,11.3000485,0.465315182,0.247273384,1.913642889,23,1.126795257,25.91629092,0.428439122,0.515914068,2.126369911,12,1.629444908,19.55333889,0.753491423,0.41952536,2.872027086,48,1.182701632,56.76967831,0.605424328,0.247273384,2.872027086,30,3.1,93,1.468559385,0,6,51,2.588235294,132,1.827636109,0,7,25,3.2,80,1.44222051,0,6,106,2.877358491,305,1.669384873,0,7,30,76.68471939,2300.541582,48.23627922,9.122125996,194.7914573,51,65.00123828,3315.063152,53.28873444,0,240.3483561,25,185.5138135,4637.845336,164.1515813,0.702864279,470.3745623,106,96.73066104,10253.45007,104.1013121,0,470.3745623,30,192.1482181,5764.446544,118.3463678,27.03802256,460.4836169,51,108.7434253,5545.914691,87.64567003,0,397.8344686,25,398.1171098,9952.927744,255.0560499,105.2166351,996.425519,106,200.5970658,21263.28898,190.4828243,0,996.425519,30,126.1930734,3785.792201,75.34602866,20.41271809,270.2884553,51,75.36500539,3843.615275,61.76599994,0,296.904925,25,142.7692741,3569.231853,83.44531622,46.89716108,329.6738287,106,105.6475408,11198.63933,77.26690393,0,329.6738287
150703c,1.2,12.575,1.112,13.76,0.29,5633.01854,2573.749895,3135.418459,8206.768435,132,2,36,15,34,85,36,15,34,85,2,5,1,8,74,35,69,178,38,20,35,93,5065.664155,2144.791579,10811.78779,18022.24352,2,2532.832078,5065.664155,242.6169819,2290.215096,2775.44906,5,428.9583158,2144.791579,350.8448043,104.4616141,918.5822051,1,10811.78779,10811.78779,0,10811.78779,10811.78779,8,2252.78044,18022.24352,3368.573264,104.4616141,10811.78779,2,37,74,2,35,39,5,7,35,7.042726745,1,19,1,69,69,0,69,69,8,22.25,178,22.4708144,1,69,2,515.4343525,1030.868705,56.03104227,459.4033103,571.4653948,5,149.5717495,747.8587477,62.7889088,87.60276224,250.9618222,1,923.889234,923.889234,0,923.889234,923.889234,8,337.8270858,2702.616687,276.0772249,87.60276224,923.889234,36,0.966303299,34.78691876,0.389061978,0.211361536,1.801344552,15,1.023293496,15.34940244,0.359009132,0.446571886,1.877472898,34,1.25069944,42.52378097,0.523363287,0.422273379,2.655506151,85,1.090118849,92.66010218,0.462615568,0.211361536,2.655506151,74,4.837837838,358,2.49879445,0,10,35,2.228571429,78,1.39561997,0,5,69,5.014492754,346,1.981748267,0,9,178,4.393258427,782,2.377884895,0,10,74,68.45492102,5065.664155,49.09722357,4.884731883,200.8628908,35,61.2797594,2144.791579,41.70288036,2.108593976,155.1019961,69,156.6925766,10811.78779,164.6066948,7.284461933,595.3724001,178,101.2485591,18022.24352,117.4741685,2.108593976,595.3724001,74,167.0723774,12363.35593,101.0393958,19.09104965,454.0950596,35,98.07075646,3432.476476,61.34207293,6.119917636,227.8023984,69,371.5640655,25637.92052,227.0858281,66.02703178,920.3561861,178,232.7738928,41433.75292,194.4307126,6.119917636,920.3561861,74,112.3673686,8315.185276,68.16989538,15.83316058,316.8449905,35,69.16493165,2420.772608,42.34368458,5.984676918,142.5877422,69,147.0818496,10148.64762,80.92220148,33.435588,313.1722729,178,117.3292444,20884.6055,75.04969349,5.984676918,316.8449905
150709a,1.25,11.335,1.12,22.09,0.33,4589.943278,6440.217961,6678.746791,11030.16124,279,1,23,30,57,110,24,30,58,112,1,6,1,8,50,66,118,234,26,36,60,122,4098.163641,5152.174369,20238.62664,29488.96465,1,4098.163641,4098.163641,0,4098.163641,4098.163641,6,858.6957282,5152.174369,326.1275595,466.2531796,1324.839785,1,20238.62664,20238.62664,0,20238.62664,20238.62664,8,3686.120582,29488.96465,6351.765299,466.2531796,20238.62664,1,50,50,0,50,50,6,11,66,3.829708431,5,15,1,118,118,0,118,118,8,29.25,234,36.04424365,5,118,1,704.8795026,704.8795026,0,704.8795026,704.8795026,6,280.0772057,1680.463234,56.93163458,213.1293823,360.638983,1,1123.461152,1123.461152,0,1123.461152,1123.461152,8,438.6004861,3508.803889,297.9437227,213.1293823,1123.461152,23,0.8603012,19.7869276,0.288575621,0.326809245,1.399236414,30,0.912044237,27.36132711,0.366637153,0.228250915,1.779126922,57,1.126364654,64.20278525,0.47820909,0.181865505,2.338789252,110,1.012282181,111.35104,0.432304042,0.181865505,2.338789252,50,4.88,244,2.16,0,9,66,2.303030303,152,1.290638754,0,5,118,5.779661017,682,2.296406896,0,11,234,4.606837607,1078,2.516466336,0,11,50,81.96327281,4098.163641,54.96291623,6.162472944,224.3169934,66,78.06324802,5152.174369,58.85556543,2.108592838,196.9534976,118,171.5137851,20238.62664,138.6795858,1.405728559,554.2466466,234,126.0212165,29488.96465,115.8784824,1.405728559,554.2466466,50,244.424626,12221.2313,118.4114491,6.162472944,482.249976,66,118.6491847,7830.846193,74.60643415,3.514321397,277.4285576,118,498.6713629,58843.22082,261.89504,94.6864144,1206.161998,234,337.1593945,78895.29832,260.0243449,3.514321397,1206.161998,50,184.1943342,9209.716709,87.76865003,6.162472944,358.7486449,66,86.06804518,5680.490982,53.62242598,3.514321397,201.4199247,118,212.5157735,25076.86127,84.27183214,54.16295691,368.551493,234,170.79944,39967.06896,94.75808924,3.514321397,368.551493
150709b1,1.22,11.775,1.17,13.16,0.35,4142.393699,6435.485556,4391.522751,10577.87926,207,1,19,28,38,85,19,30,38,87,1,4,1,6,39,66,77,182,20,36,39,95,3540.507435,5274.988161,12547.20786,21362.70346,1,3540.507435,3540.507435,0,3540.507435,3540.507435,4,1318.74704,5274.988161,432.8851955,836.8658778,2017.920713,1,12547.20786,12547.20786,0,12547.20786,12547.20786,6,3560.450576,21362.70346,4115.270375,836.8658778,12547.20786,1,39,39,0,39,39,4,16.5,66,6.224949799,11,27,1,77,77,0,77,77,6,30.33333333,182,22.99758441,11,77,1,610.6740581,610.6740581,0,610.6740581,610.6740581,4,346.7690283,1387.076113,63.56317088,243.2702255,415.2420725,1,950.8080187,950.8080187,0,950.8080187,950.8080187,6,491.426365,2948.55819,232.7787229,243.2702255,950.8080187,19,0.796919215,15.14146509,0.457556601,0,1.77077957,28,0.895316221,25.06885419,0.327735115,0.275677452,1.52719212,38,1.316088857,50.01137658,0.685187254,0.177475072,2.756144387,85,1.061431716,90.22169586,0.588036748,0,2.756144387,39,4.153846154,162,1.641426233,0,6,66,2.636363636,174,1.286719621,0,5,77,4.961038961,382,1.903118142,0,10,182,3.945054945,718,1.943502205,0,10,39,90.78224193,3540.507435,56.02663883,0,251.9113768,66,79.92406304,5274.988161,58.34736668,0.994000196,201.8212304,77,162.9507514,12547.20786,147.9885322,5.566236963,640.9742991,182,117.3774915,21362.70346,112.746641,0,640.9742991,39,232.4632127,9066.065295,104.4898684,30.28568409,402.1705252,66,129.2865919,8532.915067,75.72535108,12.28977969,259.3817809,77,505.5807739,38929.71959,280.6041075,95.98157266,1048.695887,182,310.5972525,56528.69996,258.9319475,12.28977969,1048.695887,39,166.5761085,6496.468233,68.56183116,30.10274452,275.0866594,66,89.14909012,5883.839948,50.45646267,11.35511995,177.3201322,77,192.2061127,14799.87068,89.53397115,43.26119737,380.6270981,182,149.3416421,27180.17886,86.46922451,11.35511995,380.6270981
150709b2,1.25,14.135,1.18,17.125,0.23,2859.221062,8384.28455,2234.50311,11243.50561,162,0,20,43,23,86,20,44,23,87,1,5,1,7,41,94,47,182,21,50,24,95,2423.068697,6707.42764,9715.230914,18845.72725,1,2423.068697,2423.068697,0,2423.068697,2423.068697,5,1341.485528,6707.42764,246.049384,994.9234724,1655.507874,1,9715.230914,9715.230914,0,9715.230914,9715.230914,7,2692.24675,18845.72725,2898.774231,994.9234724,9715.230914,1,41,41,0,41,41,5,18.8,94,1.326649916,17,21,1,47,47,0,47,47,7,26,182,11.55112858,17,47,1,447.9630806,447.9630806,0,447.9630806,447.9630806,5,330.9730168,1654.865084,95.44649,238.9956851,458.1666469,1,991.5665282,991.5665282,0,991.5665282,991.5665282,7,442.0563847,3094.394693,241.7921251,238.9956851,991.5665282,20,1.009141303,20.18282606,0.338661327,0.343636956,1.637539918,43,0.872555824,37.51990042,0.333729505,0.11478521,1.631490392,23,1.420893834,32.68055818,0.648048994,0.306476553,2.550825218,86,1.050968426,90.38328467,0.497591641,0.11478521,2.550825218,41,5.902439024,242,3.455676687,0,12,94,3.063829787,288,1.589918442,0,7,47,4.553191489,214,1.888470175,0,8,182,4.087912088,744,2.501201257,0,12,41,59.09923652,2423.068697,40.6697262,0.702864279,138.307891,94,71.35561319,6707.42764,59.54041746,2.399728755,230.1144995,47,206.7070407,9715.230914,206.5207698,0.994000196,730.1530733,182,103.5479519,18845.72725,130.177902,0.702864279,730.1530733,41,192.1392945,7877.711074,100.6803909,29.71492309,379.915793,94,122.0626785,11473.89177,91.75295657,2.982000589,419.6442281,47,458.4266401,21546.05208,288.1878915,101.6621965,929.131015,182,224.7123897,40897.65493,218.7832187,2.982000589,929.131015,41,134.894661,5530.681102,70.245538,22.31510782,274.0048278,94,87.08603691,8186.08747,63.87791943,2.982000589,301.3701345,47,171.9977985,8083.896529,92.36405801,44.34919865,359.8877009,182,119.7838742,21800.6651,82.03552364,2.982000589,359.8877009
150721b,0.95,9.44,1.1,12.155,0.24,2934.730986,3341.339357,2719.390351,6276.070343,180,1,18,17,25,60,18,18,27,63,1,6,1,8,37,43,60,140,19,25,33,77,2667.93726,3517.199323,11330.79313,17515.92971,1,2667.93726,2667.93726,0,2667.93726,2667.93726,6,586.1998872,3517.199323,326.4311265,150.8349156,1165.821352,1,11330.79313,11330.79313,0,11330.79313,11330.79313,8,2189.491214,17515.92971,3532.968184,150.8349156,11330.79313,1,37,37,0,37,37,6,7.166666667,43,5.11262055,1,17,1,60,60,0,60,60,8,17.5,140,19.31320792,1,60,1,691.2320375,691.2320375,0,691.2320375,691.2320375,6,242.280925,1453.68555,92.58810913,118.3759854,341.7365674,1,989.9683994,989.9683994,0,989.9683994,989.9683994,8,391.8607484,3134.885987,281.2996667,118.3759854,989.9683994,18,0.858138635,15.44649544,0.410522612,0.046353583,1.685465051,17,1.015049721,17.25584526,0.349885656,0.3820739,1.718186949,25,1.423475445,35.58688613,0.643027273,0.450209404,2.673263469,60,1.13815378,68.28922683,0.56503617,0.046353583,2.673263469,37,4.324324324,160,1.801711709,0,7,43,2.023255814,87,1.389133444,0,5,60,3.833333333,230,1.799691332,0,7,140,3.407142857,477,1.93056775,0,7,37,72.10641244,2667.93726,56.81031966,3.081236558,229.334965,43,81.7953331,3517.199323,56.6995947,2.690866125,182.3679735,60,188.8465522,11330.79313,153.7148188,0,564.5324626,140,125.1137837,17515.92971,122.5826291,0,564.5324626,37,236.525406,8751.44002,95.08846134,3.081236558,431.3693002,43,121.2970671,5215.773886,69.4745782,10.71351344,243.88099,60,419.9326312,25195.95787,258.4280361,0,1164.232027,140,279.7369413,39163.17178,221.6337709,0,1164.232027,37,165.7713186,6133.538787,63.83144442,3.081236558,304.8778306,43,87.14428893,3747.204424,49.32209716,10.06349042,177.8620216,60,174.3876769,10463.26061,77.54616761,0,358.8726889,140,145.314313,20344.00382,76.89812767,0,358.8726889
